<?xml version="1.0" encoding="UTF-8" standalone="yes"?>
<reportPackage>
    <dataLevel>offline</dataLevel>
    <files>
        <file contentKey="NVJW7EQ5B6FIT3M2XJZJYDYNACAIXLLF" name="report" type="report">
            <links>
                <link href="/report.xml" method="GET" rel="content" type="application/vnd.sas.report.content" uri="/report.xml"/>
            </links>
        </file>
        <file contentKey="OWZFFYHNB7GKMFNMSTL6CVRUBUEIEWAM" name="basems1.css" type="css">
            <links>
                <link href="/css/basems1.css" method="GET" rel="content" type="text/css" uri="/css/basems1.css"/>
            </links>
        </file>
        <file contentKey="MBROBJYKUWOOC6HLCKWD7XPF62CW4LVK" name="highcontrast.css" type="css">
            <links>
                <link href="/css/highcontrast.css" method="GET" rel="content" type="text/css" uri="/css/highcontrast.css"/>
            </links>
        </file>
        <file contentKey="NUE46B4Y64A2ZBLZJTEROGLOGUSQFYSC" name="ms1.css" type="css">
            <links>
                <link href="/css/ms1.css" method="GET" rel="content" type="text/css" uri="/css/ms1.css"/>
            </links>
        </file>
        <file contentKey="7UJJBEBOBP2HVZ2JGBSUPGAP3AI66LXO" name="ve356.png" type="image">
            <links>
                <link href="/image/ve356.png" method="GET" rel="content" type="image/png" uri="/image/ve356.png"/>
            </links>
        </file>
        <file contentKey="IX3V5HJDYLMJZEKWQA3ZQQPQMRZ5GXWH" name="ve360.png" source="/files/files/e5837ac3-d7e8-43e3-8d31-29d76ce1696e" type="image">
            <links>
                <link href="/image/ve360.png" method="GET" rel="content" type="image/png" uri="/image/ve360.png"/>
            </links>
        </file>
        <file contentKey="LCTQOAZTQYQA2CTXW63VERTMB62KRE4D" name="ve452.png" source="/files/files/197117a5-bc7b-4f80-b126-4c599c5492fa" type="image">
            <links>
                <link href="/image/ve452.png" method="GET" rel="content" type="image/png" uri="/image/ve452.png"/>
            </links>
        </file>
        <file contentKey="TLCJLYQWK44IF52ECDWAKO4WXNIQLP4D" name="ve492.png" source="/files/files/77b934fe-73c4-489d-85ad-81cb9e86be28" type="image">
            <links>
                <link href="/image/ve492.png" method="GET" rel="content" type="image/png" uri="/image/ve492.png"/>
            </links>
        </file>
        <file contentKey="7W3ISRI5A4L6NEAOOTBX7BOIRW2CJCW6" name="ve503.png" source="/files/files/de164c18-b950-4a46-aba3-01f4521e4233" type="image">
            <links>
                <link href="/image/ve503.png" method="GET" rel="content" type="image/png" uri="/image/ve503.png"/>
            </links>
        </file>
        <file contentKey="L73EX6RP7CTEFZQZSBR24I4PEVDMUFVB" name="ve723.png" source="/files/files/5bc3d1f2-31f3-4c04-99a3-e6adfd4a5ef1" type="image">
            <links>
                <link href="/image/ve723.png" method="GET" rel="content" type="image/png" uri="/image/ve723.png"/>
            </links>
        </file>
        <file contentKey="HZ5TIGP3XBOZVNFWQ5DRAY7KJPVOHWSW" name="ve998.png" source="/files/files/fa99805a-2740-4e44-a063-85f2f16c072c" type="image">
            <links>
                <link href="/image/ve998.png" method="GET" rel="content" type="image/png" uri="/image/ve998.png"/>
            </links>
        </file>
        <file contentKey="W4LBL7UNARCRJAFPYQQO5TPC4KYATT37" name="dd214.csv" type="data">
            <links>
                <link href="/data/dd214.csv" method="GET" rel="content" type="text/csv" uri="/data/dd214.csv"/>
            </links>
        </file>
        <file contentKey="VAWFWFJCWKDDYCQLBWNRB7IFPDOYC45Y" name="dd214index.csv" type="data">
            <links>
                <link href="/data/dd214index.csv" method="GET" rel="content" type="text/csv" uri="/data/dd214index.csv"/>
            </links>
        </file>
        <file contentKey="6QFG2RQ657HG3NILEHRSEG2PZWJBHRD7" name="dd232.csv" type="data">
            <links>
                <link href="/data/dd232.csv" method="GET" rel="content" type="text/csv" uri="/data/dd232.csv"/>
            </links>
        </file>
        <file contentKey="LKLWCEFMB6CEZLL5UGSJZFQXGTTXKX6L" name="dd232index.csv" type="data">
            <links>
                <link href="/data/dd232index.csv" method="GET" rel="content" type="text/csv" uri="/data/dd232index.csv"/>
            </links>
        </file>
        <file contentKey="W4LBL7UNARCRJAFPYQQO5TPC4KYATT37" name="dd261.csv" type="data">
            <links>
                <link href="/data/dd261.csv" method="GET" rel="content" type="text/csv" uri="/data/dd261.csv"/>
            </links>
        </file>
        <file contentKey="VAWFWFJCWKDDYCQLBWNRB7IFPDOYC45Y" name="dd261index.csv" type="data">
            <links>
                <link href="/data/dd261index.csv" method="GET" rel="content" type="text/csv" uri="/data/dd261index.csv"/>
            </links>
        </file>
        <file contentKey="6QFG2RQ657HG3NILEHRSEG2PZWJBHRD7" name="dd279.csv" type="data">
            <links>
                <link href="/data/dd279.csv" method="GET" rel="content" type="text/csv" uri="/data/dd279.csv"/>
            </links>
        </file>
        <file contentKey="LKLWCEFMB6CEZLL5UGSJZFQXGTTXKX6L" name="dd279index.csv" type="data">
            <links>
                <link href="/data/dd279index.csv" method="GET" rel="content" type="text/csv" uri="/data/dd279index.csv"/>
            </links>
        </file>
        <file contentKey="W4LBL7UNARCRJAFPYQQO5TPC4KYATT37" name="dd131.csv" type="data">
            <links>
                <link href="/data/dd131.csv" method="GET" rel="content" type="text/csv" uri="/data/dd131.csv"/>
            </links>
        </file>
        <file contentKey="VAWFWFJCWKDDYCQLBWNRB7IFPDOYC45Y" name="dd131index.csv" type="data">
            <links>
                <link href="/data/dd131index.csv" method="GET" rel="content" type="text/csv" uri="/data/dd131index.csv"/>
            </links>
        </file>
        <file contentKey="6QFG2RQ657HG3NILEHRSEG2PZWJBHRD7" name="dd132.csv" type="data">
            <links>
                <link href="/data/dd132.csv" method="GET" rel="content" type="text/csv" uri="/data/dd132.csv"/>
            </links>
        </file>
        <file contentKey="LKLWCEFMB6CEZLL5UGSJZFQXGTTXKX6L" name="dd132index.csv" type="data">
            <links>
                <link href="/data/dd132index.csv" method="GET" rel="content" type="text/csv" uri="/data/dd132index.csv"/>
            </links>
        </file>
        <file contentKey="5IYVNJUJE5MYXOQ6FIX3TBGZM22JSJYH" name="metadataSupplement" type="resource">
            <links>
                <link href="/metadataSupplement.xml" method="GET" rel="content" type="application/vnd.sas.report.metadata.supplement" uri="/metadataSupplement.xml"/>
            </links>
        </file>
        <file contentKey="ZNZWKJHCRV7332VBOMFZFOILT3CGBFVU" name="index.html" type="html">
            <links>
                <link href="/index.html" method="GET" rel="content" type="text/html" uri="/index.html"/>
            </links>
        </file>
        <file contentKey="FFTVKR6JQIUGPABTDRPBWYRK2YGJJJSK" name="packageIndex.html" type="html">
            <links>
                <link href="/packageIndex.html" method="GET" rel="content" type="text/html" uri="/packageIndex.html"/>
            </links>
        </file>
        <file contentKey="6GGDU3AWR7PJ7GTT5AWEAVUPOFDOAXEQ" name="viyafonts.css" type="css">
            <links>
                <link href="/css/viyafonts.css" method="GET" rel="content" type="text/css" uri="/css/viyafonts.css"/>
            </links>
        </file>
        <file contentKey="Q4I6KQ5CXZYSWD2D6ZXUR6HSSNLBMMHQ" name="settings" type="resource">
            <links>
                <link href="/settings.json" method="GET" rel="content" type="application/vnd.sas.attributes" uri="/settings.json"/>
            </links>
        </file>
    </files>
    <formatLocale>en-GB</formatLocale>
    <generatedTimeStamp>2023-09-04T11:29:46.874Z</generatedTimeStamp>
    <id>o_4f9b3e6d-3565-4ae7-9347-a38b7be1b451</id>
    <links>
        <link href="/reportPackages/packages/o_4f9b3e6d-3565-4ae7-9347-a38b7be1b451" method="GET" rel="self" type="application/vnd.sas.report.package" uri="/reportPackages/packages/o_4f9b3e6d-3565-4ae7-9347-a38b7be1b451"/>
        <link href="/reportData/results?reportContentKey=RX7OY3JFBHBC3PHNM6YA6KCDZHYKWOKK&amp;reportUri=%2Freports%2Freports%2Fb95a53f2-c8f7-4cb6-88c0-02d624e93a4c&amp;reportDate=2023-09-04T11%3A29%3A46.874Z" method="POST" rel="requery" responseType="application/vnd.sas.report.results" type="application/vnd.sas.report.query.state" uri="/reportData/results?reportContentKey=RX7OY3JFBHBC3PHNM6YA6KCDZHYKWOKK&amp;reportUri=%2Freports%2Freports%2Fb95a53f2-c8f7-4cb6-88c0-02d624e93a4c&amp;reportDate=2023-09-04T11%3A29%3A46.874Z"/>
        <link href="/reportData/jobs?reportContentKey=RX7OY3JFBHBC3PHNM6YA6KCDZHYKWOKK&amp;reportUri=%2Freports%2Freports%2Fb95a53f2-c8f7-4cb6-88c0-02d624e93a4c&amp;reportDate=2023-09-04T11%3A29%3A46.874Z" method="POST" rel="requeryJob" responseType="application/vnd.sas.report.data.job" type="application/vnd.sas.report.query.state" uri="/reportData/jobs?reportContentKey=RX7OY3JFBHBC3PHNM6YA6KCDZHYKWOKK&amp;reportUri=%2Freports%2Freports%2Fb95a53f2-c8f7-4cb6-88c0-02d624e93a4c&amp;reportDate=2023-09-04T11%3A29%3A46.874Z"/>
    </links>
    <locale>en-GB</locale>
    <modifiedTimeStamp>2023-09-04T11:29:31.001Z</modifiedTimeStamp>
    <size>1505076</size>
    <source>/reports/reports/b95a53f2-c8f7-4cb6-88c0-02d624e93a4c</source>
    <version>34</version>
    <warnings>result</warnings>
</reportPackage>
