-100,76,75,79,77,77,-1,-1,-1,-1,.,.,-1,.
-100,76,75,86,84,84,-1,-1,-1,-1,.,.,-1,.
-100,76,75,93,91,91,-1,-1,-1,-1,.,.,-1,.
-100,76,75,100,98,98,-1,-1,-1,-1,.,.,-1,.
-100,76,75,107,105,105,-1,-1,-1,-1,.,.,-1,.
-100,76,75,114,112,112,-1,-1,-1,-1,.,.,-1,.
-100,76,75,121,119,119,-1,-1,-1,-1,.,.,-1,.
-100,76,75,128,126,126,-1,-1,-1,-1,.,.,-1,.
-100,76,75,136,134,134,-1,-1,-1,-1,.,.,-1,.
-100,76,75,138,137,137,-1,-1,-1,-1,.,.,-1,.
-100,76,75,141,140,140,-1,-1,-1,-1,.,.,-1,.
-100,76,75,144,143,143,-1,-1,-1,-1,.,.,-1,.
-100,76,75,159,158,158,-1,-1,-1,-1,.,.,-1,.
-100,76,75,162,161,161,-1,-1,-1,-1,.,.,-1,.
-100,76,75,148,147,147,-1,-1,-1,-1,.,.,-1,.
-100,76,75,154,153,153,-1,-1,-1,-1,.,.,-1,.
-100,76,75,151,150,150,-1,-1,-1,-1,.,.,-1,.
-100,72,71,47,77,-1,79,3,86,5,20000,340000.0,78,1
-100,72,71,58,84,-1,86,5,93,7,20000,340000.0,78,1
-100,72,71,64,91,-1,93,7,100,9,20000,340000.0,78,1
-100,72,71,65,98,-1,100,9,107,11,20000,340000.0,78,1
-100,72,71,66,105,-1,107,11,114,13,20000,340000.0,78,1
-100,72,71,67,112,-1,114,13,121,15,20000,340000.0,78,1
-100,72,71,68,119,-1,121,15,128,17,20000,340000.0,78,1
-100,72,71,69,126,-1,128,17,136,19,20000,340000.0,78,1
-100,72,71,70,134,-1,136,19,138,20,20000,340000.0,78,1
-100,72,71,48,137,-1,138,20,141,22,20000,340000.0,78,1
-100,72,71,49,140,-1,141,22,144,24,20000,340000.0,78,1
-100,72,71,50,143,-1,144,24,159,32,20000,340000.0,78,1
-100,72,71,51,158,-1,159,32,162,34,20000,340000.0,78,1
-100,72,71,52,161,-1,162,34,148,26,20000,340000.0,78,1
-100,72,71,53,147,-1,148,26,154,30,20000,340000.0,78,1
-100,72,71,54,153,-1,154,30,151,28,20000,340000.0,78,1
36,76,75,127,126,126,-1,-1,-1,-1,.,.,-1,.
36,76,75,142,140,140,-1,-1,-1,-1,.,.,-1,.
36,76,75,149,147,147,-1,-1,-1,-1,.,.,-1,.
36,76,75,163,161,161,-1,-1,-1,-1,.,.,-1,.
36,76,75,155,153,153,-1,-1,-1,-1,.,.,-1,.
36,76,75,152,150,150,-1,-1,-1,-1,.,.,-1,.
36,76,75,120,119,119,-1,-1,-1,-1,.,.,-1,.
36,76,75,135,134,134,-1,-1,-1,-1,.,.,-1,.
36,76,75,160,158,158,-1,-1,-1,-1,.,.,-1,.
36,72,71,47,126,-1,127,16,142,23,5812,17436.0,130,1
36,72,71,58,140,-1,142,23,149,27,5812,17436.0,130,1
36,72,71,65,126,-1,127,16,142,23,3018,6036.0,129,3
36,72,71,66,126,-1,127,16,142,23,1504,6016.0,132,4
36,72,71,67,140,-1,142,23,163,35,1504,6016.0,132,4
36,72,71,68,161,-1,163,35,155,31,1504,6016.0,132,4
36,72,71,69,126,-1,127,16,142,23,949,3796.0,131,5
36,72,71,70,140,-1,142,23,163,35,949,3796.0,131,5
36,72,71,48,161,-1,163,35,152,29,949,3796.0,131,5
36,72,71,50,119,-1,120,14,135,18,722,2166.0,123,7
36,72,71,51,134,-1,135,18,149,27,722,2166.0,123,7
36,72,71,52,119,-1,120,14,135,18,458,1832.0,125,8
36,72,71,53,134,-1,135,18,160,33,458,1832.0,125,8
36,72,71,54,158,-1,160,33,155,31,458,1832.0,125,8
36,72,71,55,119,-1,120,14,135,18,346,692.0,122,9
36,72,71,56,119,-1,120,14,135,18,139,556.0,124,10
36,72,71,57,134,-1,135,18,160,33,139,556.0,124,10
36,72,71,59,158,-1,160,33,152,29,139,556.0,124,10
36,72,71,60,39,-1,127,16,0,1,5051,5051.0,126,2
36,72,71,61,39,-1,142,23,0,2,3018,6036.0,129,3
36,72,71,62,39,-1,120,14,0,1,862,862.0,119,6
36,72,71,63,39,-1,135,18,0,2,346,692.0,122,9
37,76,75,106,105,105,-1,-1,-1,-1,.,.,-1,.
37,76,75,113,112,112,-1,-1,-1,-1,.,.,-1,.
37,76,75,135,134,134,-1,-1,-1,-1,.,.,-1,.
37,76,75,142,140,140,-1,-1,-1,-1,.,.,-1,.
37,76,75,149,147,147,-1,-1,-1,-1,.,.,-1,.
37,76,75,160,158,158,-1,-1,-1,-1,.,.,-1,.
37,76,75,155,153,153,-1,-1,-1,-1,.,.,-1,.
37,76,75,163,161,161,-1,-1,-1,-1,.,.,-1,.
37,76,75,152,150,150,-1,-1,-1,-1,.,.,-1,.
37,72,71,64,112,-1,113,12,135,18,1018,2036.0,115,3
37,72,71,65,105,-1,106,10,142,23,801,1602.0,108,4
37,72,71,66,112,-1,113,12,135,18,379,1137.0,116,5
37,72,71,67,134,-1,135,18,149,27,379,1137.0,116,5
37,72,71,68,105,-1,106,10,142,23,373,1119.0,109,6
37,72,71,69,140,-1,142,23,149,27,373,1119.0,109,6
37,72,71,70,112,-1,113,12,135,18,209,836.0,118,7
37,72,71,48,134,-1,135,18,160,33,209,836.0,118,7
37,72,71,49,158,-1,160,33,155,31,209,836.0,118,7
37,72,71,50,105,-1,106,10,142,23,76,304.0,111,8
37,72,71,51,140,-1,142,23,163,35,76,304.0,111,8
37,72,71,52,161,-1,163,35,155,31,76,304.0,111,8
37,72,71,53,112,-1,113,12,135,18,18,72.0,117,9
37,72,71,54,134,-1,135,18,160,33,18,72.0,117,9
37,72,71,55,158,-1,160,33,152,29,18,72.0,117,9
37,72,71,56,105,-1,106,10,142,23,12,48.0,110,10
37,72,71,57,140,-1,142,23,163,35,12,48.0,110,10
37,72,71,59,161,-1,163,35,152,29,12,48.0,110,10
37,72,71,60,39,-1,106,10,0,1,3387,3387.0,105,1
37,72,71,61,39,-1,113,12,0,1,1573,1573.0,112,2
37,72,71,62,39,-1,135,18,0,2,1018,2036.0,115,3
37,72,71,63,39,-1,142,23,0,2,801,1602.0,108,4
38,76,75,120,119,119,-1,-1,-1,-1,.,.,-1,.
38,76,75,135,134,134,-1,-1,-1,-1,.,.,-1,.
38,76,75,127,126,126,-1,-1,-1,-1,.,.,-1,.
38,76,75,149,147,147,-1,-1,-1,-1,.,.,-1,.
38,76,75,142,140,140,-1,-1,-1,-1,.,.,-1,.
38,76,75,160,158,158,-1,-1,-1,-1,.,.,-1,.
38,76,75,155,153,153,-1,-1,-1,-1,.,.,-1,.
38,76,75,152,150,150,-1,-1,-1,-1,.,.,-1,.
38,76,75,163,161,161,-1,-1,-1,-1,.,.,-1,.
38,72,71,58,119,-1,120,14,135,18,1695,3390.0,122,2
38,72,71,65,119,-1,120,14,135,18,338,1014.0,123,4
38,72,71,66,134,-1,135,18,149,27,338,1014.0,123,4
38,72,71,67,126,-1,127,16,142,23,272,544.0,129,5
38,72,71,68,119,-1,120,14,135,18,157,628.0,125,6
38,72,71,69,134,-1,135,18,160,33,157,628.0,125,6
38,72,71,70,158,-1,160,33,155,31,157,628.0,125,6
38,72,71,48,126,-1,127,16,142,23,76,228.0,130,7
38,72,71,49,140,-1,142,23,149,27,76,228.0,130,7
38,72,71,50,119,-1,120,14,135,18,5,20.0,124,8
38,72,71,51,134,-1,135,18,160,33,5,20.0,124,8
38,72,71,52,158,-1,160,33,152,29,5,20.0,124,8
38,72,71,53,126,-1,127,16,142,23,4,16.0,132,9
38,72,71,54,140,-1,142,23,163,35,4,16.0,132,9
38,72,71,55,161,-1,163,35,155,31,4,16.0,132,9
38,72,71,56,126,-1,127,16,142,23,2,8.0,131,10
38,72,71,57,140,-1,142,23,163,35,2,8.0,131,10
38,72,71,59,161,-1,163,35,152,29,2,8.0,131,10
38,72,71,60,39,-1,120,14,0,1,4916,4916.0,119,1
38,72,71,61,39,-1,135,18,0,2,1695,3390.0,122,2
38,72,71,62,39,-1,127,16,0,1,700,700.0,126,3
38,72,71,63,39,-1,142,23,0,2,272,544.0,129,5
40,76,75,120,119,119,-1,-1,-1,-1,.,.,-1,.
40,76,75,135,134,134,-1,-1,-1,-1,.,.,-1,.
40,76,75,127,126,126,-1,-1,-1,-1,.,.,-1,.
40,76,75,149,147,147,-1,-1,-1,-1,.,.,-1,.
40,76,75,142,140,140,-1,-1,-1,-1,.,.,-1,.
40,76,75,160,158,158,-1,-1,-1,-1,.,.,-1,.
40,76,75,155,153,153,-1,-1,-1,-1,.,.,-1,.
40,76,75,163,161,161,-1,-1,-1,-1,.,.,-1,.
40,76,75,152,150,150,-1,-1,-1,-1,.,.,-1,.
40,72,71,58,119,-1,120,14,135,18,1363,2726.0,122,2
40,72,71,65,119,-1,120,14,135,18,469,1407.0,123,4
40,72,71,66,134,-1,135,18,149,27,469,1407.0,123,4
40,72,71,67,126,-1,127,16,142,23,392,784.0,129,5
40,72,71,68,119,-1,120,14,135,18,263,1052.0,125,6
40,72,71,69,134,-1,135,18,160,33,263,1052.0,125,6
40,72,71,70,158,-1,160,33,155,31,263,1052.0,125,6
40,72,71,48,126,-1,127,16,142,23,166,498.0,130,7
40,72,71,49,140,-1,142,23,149,27,166,498.0,130,7
40,72,71,50,126,-1,127,16,142,23,22,88.0,132,8
40,72,71,51,140,-1,142,23,163,35,22,88.0,132,8
40,72,71,52,161,-1,163,35,155,31,22,88.0,132,8
40,72,71,53,119,-1,120,14,135,18,19,76.0,124,9
40,72,71,54,134,-1,135,18,160,33,19,76.0,124,9
40,72,71,55,158,-1,160,33,152,29,19,76.0,124,9
40,72,71,56,126,-1,127,16,142,23,6,24.0,131,10
40,72,71,57,140,-1,142,23,163,35,6,24.0,131,10
40,72,71,59,161,-1,163,35,152,29,6,24.0,131,10
40,72,71,60,39,-1,120,14,0,1,3661,3661.0,119,1
40,72,71,61,39,-1,135,18,0,2,1363,2726.0,122,2
40,72,71,62,39,-1,127,16,0,1,829,829.0,126,3
40,72,71,63,39,-1,142,23,0,2,392,784.0,129,5
41,76,75,106,105,105,-1,-1,-1,-1,.,.,-1,.
41,76,75,113,112,112,-1,-1,-1,-1,.,.,-1,.
41,76,75,135,134,134,-1,-1,-1,-1,.,.,-1,.
41,76,75,142,140,140,-1,-1,-1,-1,.,.,-1,.
41,76,75,149,147,147,-1,-1,-1,-1,.,.,-1,.
41,76,75,160,158,158,-1,-1,-1,-1,.,.,-1,.
41,76,75,155,153,153,-1,-1,-1,-1,.,.,-1,.
41,76,75,163,161,161,-1,-1,-1,-1,.,.,-1,.
41,76,75,152,150,150,-1,-1,-1,-1,.,.,-1,.
41,72,71,64,112,-1,113,12,135,18,636,1272.0,115,3
41,72,71,65,105,-1,106,10,142,23,518,1036.0,108,4
41,72,71,66,105,-1,106,10,142,23,227,681.0,109,5
41,72,71,67,140,-1,142,23,149,27,227,681.0,109,5
41,72,71,68,112,-1,113,12,135,18,194,582.0,116,6
41,72,71,69,134,-1,135,18,149,27,194,582.0,116,6
41,72,71,70,112,-1,113,12,135,18,116,464.0,118,7
41,72,71,48,134,-1,135,18,160,33,116,464.0,118,7
41,72,71,49,158,-1,160,33,155,31,116,464.0,118,7
41,72,71,50,105,-1,106,10,142,23,46,184.0,111,8
41,72,71,51,140,-1,142,23,163,35,46,184.0,111,8
41,72,71,52,161,-1,163,35,155,31,46,184.0,111,8
41,72,71,53,112,-1,113,12,135,18,11,44.0,117,9
41,72,71,54,134,-1,135,18,160,33,11,44.0,117,9
41,72,71,55,158,-1,160,33,152,29,11,44.0,117,9
41,72,71,56,105,-1,106,10,142,23,6,24.0,110,10
41,72,71,57,140,-1,142,23,163,35,6,24.0,110,10
41,72,71,59,161,-1,163,35,152,29,6,24.0,110,10
41,72,71,60,39,-1,106,10,0,1,2416,2416.0,105,1
41,72,71,61,39,-1,113,12,0,1,1117,1117.0,112,2
41,72,71,62,39,-1,135,18,0,2,636,1272.0,115,3
41,72,71,63,39,-1,142,23,0,2,518,1036.0,108,4
42,76,75,85,84,84,-1,-1,-1,-1,.,.,-1,.
42,76,75,145,143,143,-1,-1,-1,-1,.,.,-1,.
42,76,75,163,161,161,-1,-1,-1,-1,.,.,-1,.
42,76,75,152,150,150,-1,-1,-1,-1,.,.,-1,.
42,76,75,79,77,77,-1,-1,-1,-1,.,.,-1,.
42,76,75,139,137,137,-1,-1,-1,-1,.,.,-1,.
42,76,75,160,158,158,-1,-1,-1,-1,.,.,-1,.
42,76,75,155,153,153,-1,-1,-1,-1,.,.,-1,.
42,76,75,149,147,147,-1,-1,-1,-1,.,.,-1,.
42,72,71,47,84,-1,85,4,145,25,10393,41572.0,89,1
42,72,71,58,143,-1,145,25,163,35,10393,41572.0,89,1
42,72,71,64,161,-1,163,35,152,29,10393,41572.0,89,1
42,72,71,66,77,-1,79,3,139,21,2237,8948.0,82,3
42,72,71,67,137,-1,139,21,160,33,2237,8948.0,82,3
42,72,71,68,158,-1,160,33,152,29,2237,8948.0,82,3
42,72,71,69,84,-1,85,4,145,25,2067,8268.0,90,4
42,72,71,70,143,-1,145,25,163,35,2067,8268.0,90,4
42,72,71,48,161,-1,163,35,155,31,2067,8268.0,90,4
42,72,71,49,84,-1,85,4,145,25,1241,3723.0,88,5
42,72,71,50,143,-1,145,25,149,27,1241,3723.0,88,5
42,72,71,52,77,-1,79,3,139,21,519,2076.0,83,7
42,72,71,53,137,-1,139,21,160,33,519,2076.0,83,7
42,72,71,54,158,-1,160,33,155,31,519,2076.0,83,7
42,72,71,55,77,-1,79,3,139,21,165,495.0,81,8
42,72,71,56,137,-1,139,21,149,27,165,495.0,81,8
42,72,71,57,84,-1,85,4,145,25,117,234.0,87,9
42,72,71,59,77,-1,79,3,139,21,14,28.0,80,10
42,72,71,60,39,-1,85,4,0,1,2354,2354.0,84,2
42,72,71,61,39,-1,79,3,0,1,621,621.0,77,6
42,72,71,62,39,-1,145,25,0,2,117,234.0,87,9
42,72,71,63,39,-1,139,21,0,2,14,28.0,80,10
43,76,75,113,112,112,-1,-1,-1,-1,.,.,-1,.
43,76,75,135,134,134,-1,-1,-1,-1,.,.,-1,.
43,76,75,106,105,105,-1,-1,-1,-1,.,.,-1,.
43,76,75,149,147,147,-1,-1,-1,-1,.,.,-1,.
43,76,75,160,158,158,-1,-1,-1,-1,.,.,-1,.
43,76,75,155,153,153,-1,-1,-1,-1,.,.,-1,.
43,76,75,142,140,140,-1,-1,-1,-1,.,.,-1,.
43,76,75,152,150,150,-1,-1,-1,-1,.,.,-1,.
43,76,75,163,161,161,-1,-1,-1,-1,.,.,-1,.
43,72,71,58,112,-1,113,12,135,18,2016,4032.0,115,2
43,72,71,65,112,-1,113,12,135,18,1551,4653.0,116,4
43,72,71,66,134,-1,135,18,149,27,1551,4653.0,116,4
43,72,71,67,112,-1,113,12,135,18,1187,4748.0,118,5
43,72,71,68,134,-1,135,18,160,33,1187,4748.0,118,5
43,72,71,69,158,-1,160,33,155,31,1187,4748.0,118,5
43,72,71,70,105,-1,106,10,142,23,815,2445.0,109,6
43,72,71,48,140,-1,142,23,149,27,815,2445.0,109,6
43,72,71,49,105,-1,106,10,142,23,554,1108.0,108,7
43,72,71,50,112,-1,113,12,135,18,302,1208.0,117,8
43,72,71,51,134,-1,135,18,160,33,302,1208.0,117,8
43,72,71,52,158,-1,160,33,152,29,302,1208.0,117,8
43,72,71,53,105,-1,106,10,142,23,195,780.0,111,9
43,72,71,54,140,-1,142,23,163,35,195,780.0,111,9
43,72,71,55,161,-1,163,35,155,31,195,780.0,111,9
43,72,71,56,105,-1,106,10,142,23,86,344.0,110,10
43,72,71,57,140,-1,142,23,163,35,86,344.0,110,10
43,72,71,59,161,-1,163,35,152,29,86,344.0,110,10
43,72,71,60,39,-1,113,12,0,1,2228,2228.0,112,1
43,72,71,61,39,-1,135,18,0,2,2016,4032.0,115,2
43,72,71,62,39,-1,106,10,0,1,1969,1969.0,105,3
43,72,71,63,39,-1,142,23,0,2,554,1108.0,108,7
44,76,75,99,98,98,-1,-1,-1,-1,.,.,-1,.
44,76,75,139,137,137,-1,-1,-1,-1,.,.,-1,.
44,76,75,160,158,158,-1,-1,-1,-1,.,.,-1,.
44,76,75,155,153,153,-1,-1,-1,-1,.,.,-1,.
44,76,75,92,91,91,-1,-1,-1,-1,.,.,-1,.
44,76,75,152,150,150,-1,-1,-1,-1,.,.,-1,.
44,76,75,149,147,147,-1,-1,-1,-1,.,.,-1,.
44,76,75,145,143,143,-1,-1,-1,-1,.,.,-1,.
44,76,75,163,161,161,-1,-1,-1,-1,.,.,-1,.
44,72,71,58,98,-1,99,8,139,21,3035,12140.0,104,2
44,72,71,64,137,-1,139,21,160,33,3035,12140.0,104,2
44,72,71,65,158,-1,160,33,155,31,3035,12140.0,104,2
44,72,71,67,98,-1,99,8,139,21,1361,5444.0,103,4
44,72,71,68,137,-1,139,21,160,33,1361,5444.0,103,4
44,72,71,69,158,-1,160,33,152,29,1361,5444.0,103,4
44,72,71,70,98,-1,99,8,139,21,802,2406.0,102,5
44,72,71,48,137,-1,139,21,149,27,802,2406.0,102,5
44,72,71,49,98,-1,99,8,139,21,426,852.0,101,6
44,72,71,50,91,-1,92,6,145,25,348,1392.0,97,7
44,72,71,51,143,-1,145,25,163,35,348,1392.0,97,7
44,72,71,52,161,-1,163,35,155,31,348,1392.0,97,7
44,72,71,53,91,-1,92,6,145,25,332,1328.0,96,8
44,72,71,54,143,-1,145,25,163,35,332,1328.0,96,8
44,72,71,55,161,-1,163,35,152,29,332,1328.0,96,8
44,72,71,56,91,-1,92,6,145,25,211,633.0,95,9
44,72,71,57,143,-1,145,25,149,27,211,633.0,95,9
44,72,71,59,91,-1,92,6,145,25,79,158.0,94,10
44,72,71,60,39,-1,99,8,0,1,5930,5930.0,98,1
44,72,71,61,39,-1,92,6,0,1,3005,3005.0,91,3
44,72,71,62,39,-1,139,21,0,2,426,852.0,101,6
44,72,71,63,39,-1,145,25,0,2,79,158.0,94,10
45,76,75,79,77,77,-1,-1,-1,-1,.,.,-1,.
45,76,75,139,137,137,-1,-1,-1,-1,.,.,-1,.
45,76,75,160,158,158,-1,-1,-1,-1,.,.,-1,.
45,76,75,155,153,153,-1,-1,-1,-1,.,.,-1,.
45,76,75,149,147,147,-1,-1,-1,-1,.,.,-1,.
45,76,75,85,84,84,-1,-1,-1,-1,.,.,-1,.
45,76,75,152,150,150,-1,-1,-1,-1,.,.,-1,.
45,76,75,145,143,143,-1,-1,-1,-1,.,.,-1,.
45,76,75,163,161,161,-1,-1,-1,-1,.,.,-1,.
45,72,71,58,77,-1,79,3,139,21,460,1840.0,83,2
45,72,71,64,137,-1,139,21,160,33,460,1840.0,83,2
45,72,71,65,158,-1,160,33,155,31,460,1840.0,83,2
45,72,71,66,77,-1,79,3,139,21,330,660.0,80,3
45,72,71,67,77,-1,79,3,139,21,177,531.0,81,4
45,72,71,68,137,-1,139,21,149,27,177,531.0,81,4
45,72,71,70,77,-1,79,3,139,21,61,244.0,82,6
45,72,71,48,137,-1,139,21,160,33,61,244.0,82,6
45,72,71,49,158,-1,160,33,152,29,61,244.0,82,6
45,72,71,50,84,-1,85,4,145,25,19,57.0,88,7
45,72,71,51,143,-1,145,25,149,27,19,57.0,88,7
45,72,71,52,84,-1,85,4,145,25,18,36.0,87,8
45,72,71,53,84,-1,85,4,145,25,8,32.0,90,9
45,72,71,54,143,-1,145,25,163,35,8,32.0,90,9
45,72,71,55,161,-1,163,35,155,31,8,32.0,90,9
45,72,71,56,84,-1,85,4,145,25,3,12.0,89,10
45,72,71,57,143,-1,145,25,163,35,3,12.0,89,10
45,72,71,59,161,-1,163,35,152,29,3,12.0,89,10
45,72,71,60,39,-1,79,3,0,1,2861,2861.0,77,1
45,72,71,61,39,-1,139,21,0,2,330,660.0,80,3
45,72,71,62,39,-1,85,4,0,1,94,94.0,84,5
45,72,71,63,39,-1,145,25,0,2,18,36.0,87,8
46,76,75,120,119,119,-1,-1,-1,-1,.,.,-1,.
46,76,75,135,134,134,-1,-1,-1,-1,.,.,-1,.
46,76,75,127,126,126,-1,-1,-1,-1,.,.,-1,.
46,76,75,142,140,140,-1,-1,-1,-1,.,.,-1,.
46,76,75,149,147,147,-1,-1,-1,-1,.,.,-1,.
46,76,75,160,158,158,-1,-1,-1,-1,.,.,-1,.
46,76,75,155,153,153,-1,-1,-1,-1,.,.,-1,.
46,76,75,152,150,150,-1,-1,-1,-1,.,.,-1,.
46,76,75,163,161,161,-1,-1,-1,-1,.,.,-1,.
46,72,71,58,119,-1,120,14,135,18,242,484.0,122,2
46,72,71,65,126,-1,127,16,142,23,49,98.0,129,4
46,72,71,66,119,-1,120,14,135,18,33,99.0,123,5
46,72,71,67,134,-1,135,18,149,27,33,99.0,123,5
46,72,71,68,119,-1,120,14,135,18,18,72.0,125,6
46,72,71,69,134,-1,135,18,160,33,18,72.0,125,6
46,72,71,70,158,-1,160,33,155,31,18,72.0,125,6
46,72,71,48,126,-1,127,16,142,23,11,33.0,130,7
46,72,71,49,140,-1,142,23,149,27,11,33.0,130,7
46,72,71,50,119,-1,120,14,135,18,2,8.0,124,8
46,72,71,51,134,-1,135,18,160,33,2,8.0,124,8
46,72,71,52,158,-1,160,33,152,29,2,8.0,124,8
46,72,71,53,126,-1,127,16,142,23,2,8.0,132,9
46,72,71,54,140,-1,142,23,163,35,2,8.0,132,9
46,72,71,55,161,-1,163,35,155,31,2,8.0,132,9
46,72,71,56,39,-1,120,14,0,1,922,922.0,119,1
46,72,71,57,39,-1,135,18,0,2,242,484.0,122,2
46,72,71,59,39,-1,127,16,0,1,168,168.0,126,3
46,72,71,60,39,-1,142,23,0,2,49,98.0,129,4
73,76,75,79,77,77,-1,-1,-1,-1,.,.,-1,.
73,76,75,139,137,137,-1,-1,-1,-1,.,.,-1,.
73,76,75,160,158,158,-1,-1,-1,-1,.,.,-1,.
73,76,75,155,153,153,-1,-1,-1,-1,.,.,-1,.
73,76,75,85,84,84,-1,-1,-1,-1,.,.,-1,.
73,76,75,149,147,147,-1,-1,-1,-1,.,.,-1,.
73,76,75,152,150,150,-1,-1,-1,-1,.,.,-1,.
73,76,75,145,143,143,-1,-1,-1,-1,.,.,-1,.
73,76,75,163,161,161,-1,-1,-1,-1,.,.,-1,.
73,72,71,58,77,-1,79,3,139,21,133,266.0,80,2
73,72,71,64,77,-1,79,3,139,21,116,464.0,83,3
73,72,71,65,137,-1,139,21,160,33,116,464.0,83,3
73,72,71,66,158,-1,160,33,155,31,116,464.0,83,3
73,72,71,68,77,-1,79,3,139,21,58,174.0,81,5
73,72,71,69,137,-1,139,21,149,27,58,174.0,81,5
73,72,71,70,77,-1,79,3,139,21,13,52.0,82,6
73,72,71,48,137,-1,139,21,160,33,13,52.0,82,6
73,72,71,49,158,-1,160,33,152,29,13,52.0,82,6
73,72,71,50,84,-1,85,4,145,25,9,18.0,87,7
73,72,71,51,84,-1,85,4,145,25,8,32.0,90,8
73,72,71,52,143,-1,145,25,163,35,8,32.0,90,8
73,72,71,53,161,-1,163,35,155,31,8,32.0,90,8
73,72,71,54,84,-1,85,4,145,25,5,15.0,88,9
73,72,71,55,143,-1,145,25,149,27,5,15.0,88,9
73,72,71,56,39,-1,79,3,0,1,1105,1105.0,77,1
73,72,71,57,39,-1,139,21,0,2,133,266.0,80,2
73,72,71,59,39,-1,85,4,0,1,70,70.0,84,4
73,72,71,60,39,-1,145,25,0,2,9,18.0,87,7
74,76,75,79,77,77,-1,-1,-1,-1,.,.,-1,.
74,76,75,139,137,137,-1,-1,-1,-1,.,.,-1,.
74,76,75,160,158,158,-1,-1,-1,-1,.,.,-1,.
74,76,75,155,153,153,-1,-1,-1,-1,.,.,-1,.
74,76,75,152,150,150,-1,-1,-1,-1,.,.,-1,.
74,76,75,85,84,84,-1,-1,-1,-1,.,.,-1,.
74,76,75,145,143,143,-1,-1,-1,-1,.,.,-1,.
74,76,75,163,161,161,-1,-1,-1,-1,.,.,-1,.
74,76,75,149,147,147,-1,-1,-1,-1,.,.,-1,.
74,72,71,58,77,-1,79,3,139,21,3741,14964.0,83,2
74,72,71,64,137,-1,139,21,160,33,3741,14964.0,83,2
74,72,71,65,158,-1,160,33,155,31,3741,14964.0,83,2
74,72,71,66,77,-1,79,3,139,21,1948,7792.0,82,3
74,72,71,67,137,-1,139,21,160,33,1948,7792.0,82,3
74,72,71,68,158,-1,160,33,152,29,1948,7792.0,82,3
74,72,71,70,84,-1,85,4,145,25,1126,4504.0,90,5
74,72,71,48,143,-1,145,25,163,35,1126,4504.0,90,5
74,72,71,49,161,-1,163,35,155,31,1126,4504.0,90,5
74,72,71,50,77,-1,79,3,139,21,879,2637.0,81,6
74,72,71,51,137,-1,139,21,149,27,879,2637.0,81,6
74,72,71,52,84,-1,85,4,145,25,665,2660.0,89,7
74,72,71,53,143,-1,145,25,163,35,665,2660.0,89,7
74,72,71,54,161,-1,163,35,152,29,665,2660.0,89,7
74,72,71,55,84,-1,85,4,145,25,477,1431.0,88,8
74,72,71,56,143,-1,145,25,149,27,477,1431.0,88,8
74,72,71,57,77,-1,79,3,139,21,336,672.0,80,9
74,72,71,59,84,-1,85,4,145,25,133,266.0,87,10
74,72,71,60,39,-1,79,3,0,1,4158,4158.0,77,1
74,72,71,61,39,-1,85,4,0,1,1192,1192.0,84,4
74,72,71,62,39,-1,139,21,0,2,336,672.0,80,9
74,72,71,63,39,-1,145,25,0,2,133,266.0,87,10
133,76,75,106,105,105,-1,-1,-1,-1,.,.,-1,.
133,76,75,113,112,112,-1,-1,-1,-1,.,.,-1,.
133,76,75,135,134,134,-1,-1,-1,-1,.,.,-1,.
133,76,75,142,140,140,-1,-1,-1,-1,.,.,-1,.
133,76,75,149,147,147,-1,-1,-1,-1,.,.,-1,.
133,76,75,160,158,158,-1,-1,-1,-1,.,.,-1,.
133,76,75,155,153,153,-1,-1,-1,-1,.,.,-1,.
133,76,75,163,161,161,-1,-1,-1,-1,.,.,-1,.
133,76,75,152,150,150,-1,-1,-1,-1,.,.,-1,.
133,72,71,64,112,-1,113,12,135,18,761,1522.0,115,3
133,72,71,65,105,-1,106,10,142,23,551,1102.0,108,4
133,72,71,66,105,-1,106,10,142,23,427,1281.0,109,5
133,72,71,67,140,-1,142,23,149,27,427,1281.0,109,5
133,72,71,68,112,-1,113,12,135,18,417,1251.0,116,6
133,72,71,69,134,-1,135,18,149,27,417,1251.0,116,6
133,72,71,70,112,-1,113,12,135,18,325,1300.0,118,7
133,72,71,48,134,-1,135,18,160,33,325,1300.0,118,7
133,72,71,49,158,-1,160,33,155,31,325,1300.0,118,7
133,72,71,50,105,-1,106,10,142,23,127,508.0,111,8
133,72,71,51,140,-1,142,23,163,35,127,508.0,111,8
133,72,71,52,161,-1,163,35,155,31,127,508.0,111,8
133,72,71,53,112,-1,113,12,135,18,67,268.0,117,9
133,72,71,54,134,-1,135,18,160,33,67,268.0,117,9
133,72,71,55,158,-1,160,33,152,29,67,268.0,117,9
133,72,71,56,105,-1,106,10,142,23,44,176.0,110,10
133,72,71,57,140,-1,142,23,163,35,44,176.0,110,10
133,72,71,59,161,-1,163,35,152,29,44,176.0,110,10
133,72,71,60,39,-1,106,10,0,1,1952,1952.0,105,1
133,72,71,61,39,-1,113,12,0,1,1250,1250.0,112,2
133,72,71,62,39,-1,135,18,0,2,761,1522.0,115,3
133,72,71,63,39,-1,142,23,0,2,551,1102.0,108,4
146,76,75,92,91,91,-1,-1,-1,-1,.,.,-1,.
146,76,75,99,98,98,-1,-1,-1,-1,.,.,-1,.
146,76,75,139,137,137,-1,-1,-1,-1,.,.,-1,.
146,76,75,160,158,158,-1,-1,-1,-1,.,.,-1,.
146,76,75,155,153,153,-1,-1,-1,-1,.,.,-1,.
146,76,75,145,143,143,-1,-1,-1,-1,.,.,-1,.
146,76,75,163,161,161,-1,-1,-1,-1,.,.,-1,.
146,76,75,149,147,147,-1,-1,-1,-1,.,.,-1,.
146,76,75,152,150,150,-1,-1,-1,-1,.,.,-1,.
146,72,71,64,98,-1,99,8,139,21,496,1984.0,104,3
146,72,71,65,137,-1,139,21,160,33,496,1984.0,104,3
146,72,71,66,158,-1,160,33,155,31,496,1984.0,104,3
146,72,71,67,91,-1,92,6,145,25,346,1384.0,97,4
146,72,71,68,143,-1,145,25,163,35,346,1384.0,97,4
146,72,71,69,161,-1,163,35,155,31,346,1384.0,97,4
146,72,71,70,91,-1,92,6,145,25,267,801.0,95,5
146,72,71,48,143,-1,145,25,149,27,267,801.0,95,5
146,72,71,49,98,-1,99,8,139,21,232,464.0,101,6
146,72,71,50,98,-1,99,8,139,21,213,639.0,102,7
146,72,71,51,137,-1,139,21,149,27,213,639.0,102,7
146,72,71,52,91,-1,92,6,145,25,188,376.0,94,8
146,72,71,53,91,-1,92,6,145,25,176,704.0,96,9
146,72,71,54,143,-1,145,25,163,35,176,704.0,96,9
146,72,71,55,161,-1,163,35,152,29,176,704.0,96,9
146,72,71,56,98,-1,99,8,139,21,169,676.0,103,10
146,72,71,57,137,-1,139,21,160,33,169,676.0,103,10
146,72,71,59,158,-1,160,33,152,29,169,676.0,103,10
146,72,71,60,39,-1,92,6,0,1,4136,4136.0,91,1
146,72,71,61,39,-1,99,8,0,1,1943,1943.0,98,2
146,72,71,62,39,-1,139,21,0,2,232,464.0,101,6
146,72,71,63,39,-1,145,25,0,2,188,376.0,94,8
156,76,75,120,119,119,-1,-1,-1,-1,.,.,-1,.
156,76,75,135,134,134,-1,-1,-1,-1,.,.,-1,.
156,76,75,127,126,126,-1,-1,-1,-1,.,.,-1,.
156,76,75,149,147,147,-1,-1,-1,-1,.,.,-1,.
156,76,75,142,140,140,-1,-1,-1,-1,.,.,-1,.
156,76,75,160,158,158,-1,-1,-1,-1,.,.,-1,.
156,76,75,155,153,153,-1,-1,-1,-1,.,.,-1,.
156,76,75,163,161,161,-1,-1,-1,-1,.,.,-1,.
156,76,75,152,150,150,-1,-1,-1,-1,.,.,-1,.
156,72,71,58,119,-1,120,14,135,18,751,1502.0,122,2
156,72,71,65,119,-1,120,14,135,18,296,888.0,123,4
156,72,71,66,134,-1,135,18,149,27,296,888.0,123,4
156,72,71,67,126,-1,127,16,142,23,285,570.0,129,5
156,72,71,68,119,-1,120,14,135,18,196,784.0,125,6
156,72,71,69,134,-1,135,18,160,33,196,784.0,125,6
156,72,71,70,158,-1,160,33,155,31,196,784.0,125,6
156,72,71,48,126,-1,127,16,142,23,84,252.0,130,7
156,72,71,49,140,-1,142,23,149,27,84,252.0,130,7
156,72,71,50,126,-1,127,16,142,23,34,136.0,132,8
156,72,71,51,140,-1,142,23,163,35,34,136.0,132,8
156,72,71,52,161,-1,163,35,155,31,34,136.0,132,8
156,72,71,53,119,-1,120,14,135,18,20,80.0,124,9
156,72,71,54,134,-1,135,18,160,33,20,80.0,124,9
156,72,71,55,158,-1,160,33,152,29,20,80.0,124,9
156,72,71,56,126,-1,127,16,142,23,2,8.0,131,10
156,72,71,57,140,-1,142,23,163,35,2,8.0,131,10
156,72,71,59,161,-1,163,35,152,29,2,8.0,131,10
156,72,71,60,39,-1,120,14,0,1,2107,2107.0,119,1
156,72,71,61,39,-1,135,18,0,2,751,1502.0,122,2
156,72,71,62,39,-1,127,16,0,1,562,562.0,126,3
156,72,71,63,39,-1,142,23,0,2,285,570.0,129,5
157,76,75,92,91,91,-1,-1,-1,-1,.,.,-1,.
157,76,75,99,98,98,-1,-1,-1,-1,.,.,-1,.
157,76,75,139,137,137,-1,-1,-1,-1,.,.,-1,.
157,76,75,160,158,158,-1,-1,-1,-1,.,.,-1,.
157,76,75,155,153,153,-1,-1,-1,-1,.,.,-1,.
157,76,75,145,143,143,-1,-1,-1,-1,.,.,-1,.
157,76,75,163,161,161,-1,-1,-1,-1,.,.,-1,.
157,76,75,149,147,147,-1,-1,-1,-1,.,.,-1,.
157,76,75,152,150,150,-1,-1,-1,-1,.,.,-1,.
157,72,71,64,98,-1,99,8,139,21,670,2680.0,104,3
157,72,71,65,137,-1,139,21,160,33,670,2680.0,104,3
157,72,71,66,158,-1,160,33,155,31,670,2680.0,104,3
157,72,71,67,91,-1,92,6,145,25,312,1248.0,97,4
157,72,71,68,143,-1,145,25,163,35,312,1248.0,97,4
157,72,71,69,161,-1,163,35,155,31,312,1248.0,97,4
157,72,71,70,98,-1,99,8,139,21,245,735.0,102,5
157,72,71,48,137,-1,139,21,149,27,245,735.0,102,5
157,72,71,49,91,-1,92,6,145,25,237,711.0,95,6
157,72,71,50,143,-1,145,25,149,27,237,711.0,95,6
157,72,71,51,98,-1,99,8,139,21,204,816.0,103,7
157,72,71,52,137,-1,139,21,160,33,204,816.0,103,7
157,72,71,53,158,-1,160,33,152,29,204,816.0,103,7
157,72,71,54,91,-1,92,6,145,25,190,760.0,96,8
157,72,71,55,143,-1,145,25,163,35,190,760.0,96,8
157,72,71,56,161,-1,163,35,152,29,190,760.0,96,8
157,72,71,57,98,-1,99,8,139,21,175,350.0,101,9
157,72,71,59,91,-1,92,6,145,25,129,258.0,94,10
157,72,71,60,39,-1,92,6,0,1,4816,4816.0,91,1
157,72,71,61,39,-1,99,8,0,1,2026,2026.0,98,2
157,72,71,62,39,-1,139,21,0,2,175,350.0,101,9
157,72,71,63,39,-1,145,25,0,2,129,258.0,94,10
164,76,75,92,91,91,-1,-1,-1,-1,.,.,-1,.
164,76,75,99,98,98,-1,-1,-1,-1,.,.,-1,.
164,76,75,139,137,137,-1,-1,-1,-1,.,.,-1,.
164,76,75,160,158,158,-1,-1,-1,-1,.,.,-1,.
164,76,75,155,153,153,-1,-1,-1,-1,.,.,-1,.
164,76,75,145,143,143,-1,-1,-1,-1,.,.,-1,.
164,76,75,163,161,161,-1,-1,-1,-1,.,.,-1,.
164,76,75,149,147,147,-1,-1,-1,-1,.,.,-1,.
164,76,75,152,150,150,-1,-1,-1,-1,.,.,-1,.
164,72,71,64,98,-1,99,8,139,21,419,1676.0,104,3
164,72,71,65,137,-1,139,21,160,33,419,1676.0,104,3
164,72,71,66,158,-1,160,33,155,31,419,1676.0,104,3
164,72,71,67,91,-1,92,6,145,25,369,1476.0,97,4
164,72,71,68,143,-1,145,25,163,35,369,1476.0,97,4
164,72,71,69,161,-1,163,35,155,31,369,1476.0,97,4
164,72,71,70,91,-1,92,6,145,25,223,669.0,95,5
164,72,71,48,143,-1,145,25,149,27,223,669.0,95,5
164,72,71,49,91,-1,92,6,145,25,167,668.0,96,6
164,72,71,50,143,-1,145,25,163,35,167,668.0,96,6
164,72,71,51,161,-1,163,35,152,29,167,668.0,96,6
164,72,71,52,98,-1,99,8,139,21,141,423.0,102,7
164,72,71,53,137,-1,139,21,149,27,141,423.0,102,7
164,72,71,54,91,-1,92,6,145,25,137,274.0,94,8
164,72,71,55,98,-1,99,8,139,21,132,528.0,103,9
164,72,71,56,137,-1,139,21,160,33,132,528.0,103,9
164,72,71,57,158,-1,160,33,152,29,132,528.0,103,9
164,72,71,59,98,-1,99,8,139,21,90,180.0,101,10
164,72,71,60,39,-1,92,6,0,1,4323,4323.0,91,1
164,72,71,61,39,-1,99,8,0,1,1284,1284.0,98,2
164,72,71,62,39,-1,145,25,0,2,137,274.0,94,8
164,72,71,63,39,-1,139,21,0,2,90,180.0,101,10
165,76,75,92,91,91,-1,-1,-1,-1,.,.,-1,.
165,76,75,99,98,98,-1,-1,-1,-1,.,.,-1,.
165,76,75,139,137,137,-1,-1,-1,-1,.,.,-1,.
165,72,71,64,98,-1,99,8,139,21,1,2.0,101,3
165,72,71,65,39,-1,92,6,0,1,9,9.0,91,1
165,72,71,66,39,-1,99,8,0,1,6,6.0,98,2
166,76,75,79,77,77,-1,-1,-1,-1,.,.,-1,.
166,76,75,139,137,137,-1,-1,-1,-1,.,.,-1,.
166,76,75,149,147,147,-1,-1,-1,-1,.,.,-1,.
166,76,75,85,84,84,-1,-1,-1,-1,.,.,-1,.
166,72,71,58,77,-1,79,3,139,21,1,2.0,80,2
166,72,71,64,77,-1,79,3,139,21,1,3.0,81,3
166,72,71,65,137,-1,139,21,149,27,1,3.0,81,3
166,72,71,67,39,-1,79,3,0,1,66,66.0,77,1
166,72,71,68,39,-1,139,21,0,2,1,2.0,80,2
166,72,71,69,39,-1,85,4,0,1,1,1.0,84,4
167,76,75,106,105,105,-1,-1,-1,-1,.,.,-1,.
167,76,75,113,112,112,-1,-1,-1,-1,.,.,-1,.
167,76,75,135,134,134,-1,-1,-1,-1,.,.,-1,.
167,76,75,142,140,140,-1,-1,-1,-1,.,.,-1,.
167,76,75,149,147,147,-1,-1,-1,-1,.,.,-1,.
167,76,75,160,158,158,-1,-1,-1,-1,.,.,-1,.
167,76,75,155,153,153,-1,-1,-1,-1,.,.,-1,.
167,76,75,163,161,161,-1,-1,-1,-1,.,.,-1,.
167,76,75,152,150,150,-1,-1,-1,-1,.,.,-1,.
167,72,71,64,112,-1,113,12,135,18,1285,2570.0,115,3
167,72,71,65,105,-1,106,10,142,23,1180,3540.0,109,4
167,72,71,66,140,-1,142,23,149,27,1180,3540.0,109,4
167,72,71,67,112,-1,113,12,135,18,1069,3207.0,116,5
167,72,71,68,134,-1,135,18,149,27,1069,3207.0,116,5
167,72,71,69,105,-1,106,10,142,23,899,1798.0,108,6
167,72,71,70,112,-1,113,12,135,18,752,3008.0,118,7
167,72,71,48,134,-1,135,18,160,33,752,3008.0,118,7
167,72,71,49,158,-1,160,33,155,31,752,3008.0,118,7
167,72,71,50,105,-1,106,10,142,23,269,1076.0,111,8
167,72,71,51,140,-1,142,23,163,35,269,1076.0,111,8
167,72,71,52,161,-1,163,35,155,31,269,1076.0,111,8
167,72,71,53,112,-1,113,12,135,18,155,620.0,117,9
167,72,71,54,134,-1,135,18,160,33,155,620.0,117,9
167,72,71,55,158,-1,160,33,152,29,155,620.0,117,9
167,72,71,56,105,-1,106,10,142,23,104,416.0,110,10
167,72,71,57,140,-1,142,23,163,35,104,416.0,110,10
167,72,71,59,161,-1,163,35,152,29,104,416.0,110,10
167,72,71,60,39,-1,106,10,0,1,2966,2966.0,105,1
167,72,71,61,39,-1,113,12,0,1,1364,1364.0,112,2
167,72,71,62,39,-1,135,18,0,2,1285,2570.0,115,3
167,72,71,63,39,-1,142,23,0,2,899,1798.0,108,6
